uri,child_id,group,DER,JER,Purity,Coverage,F-measure,DetER,IER,IER_miss,IER_FA,IER_confusion,F1_KCHI,P_KCHI,R_KCHI,F1_FEM,P_FEM,R_FEM,F1_MAL,P_MAL,R_MAL,F1_OCH,P_OCH,R_OCH,AvgF1
AR31_021108a,AR31,HI,0.5274,0.5518,0.883,0.4851,0.6262,0.4581,0.5274,0.4579,0.0125,0.057,0.6496,0.9068,0.5061,0.5997,0.8459,0.4645,0.0,0.0,0.0,0.0,0.0,0.0,0.3123
AR31_021108b,AR31,HI,0.575,0.5786,0.8984,0.4324,0.5838,0.5217,0.575,0.5222,0.0074,0.0454,0.5323,0.922,0.3742,0.6468,0.8638,0.5169,0.0,0.0,0.0,0.0,0.0,0.0,0.2948
AR31_021108c,AR31,HI,0.5381,0.586,0.8206,0.4642,0.593,0.4346,0.5381,0.4344,0.0024,0.1014,0.5512,0.7884,0.4237,0.6202,0.8378,0.4923,0.0,0.0,0.0,0.0,0.0,0.0,0.2928
BE05_021023a,BE05,NH,0.4886,0.5077,0.827,0.5601,0.6679,0.3387,0.4886,0.3387,0.0486,0.1012,0.5784,0.833,0.443,0.7369,0.7914,0.6895,0.0,0.0,0.0,0.6944,0.8391,0.5922,0.5024
BE05_021023b,BE05,NH,0.6193,0.6346,0.6509,0.4609,0.5397,0.3398,0.6193,0.3465,0.0508,0.222,0.5688,0.5617,0.5761,0.6874,0.7087,0.6674,0.0,0.0,0.0,0.3818,0.834,0.2476,0.4095
BE05_021023c,BE05,NH,0.5534,0.5758,0.8308,0.4659,0.597,0.4335,0.5534,0.4377,0.0193,0.0965,0.5901,0.7723,0.4774,0.0,0.0,0.0,0.0,0.0,0.0,0.6166,0.8783,0.4751,0.3017
BN31_020108a,BN31,HI,0.7455,0.8273,0.8284,0.2606,0.3965,0.6905,0.7455,0.6903,0.0061,0.0491,0.3832,0.7964,0.2523,0.4411,0.8771,0.2946,0.0,0.0,0.0,0.0,0.0,0.0,0.2061
BN31_020108b,BN31,HI,0.613,0.6309,0.8702,0.3903,0.5389,0.5547,0.613,0.5547,0.0033,0.055,0.5275,0.8387,0.3847,0.5508,0.9039,0.3961,0.0,0.0,0.0,0.0,0.0,0.0,0.2696
BN31_020108c,BN31,HI,0.7157,0.7893,0.7711,0.3229,0.4552,0.6309,0.7365,0.6383,0.0291,0.0691,0.5876,0.7296,0.4918,0.1114,1.0,0.059,0.268,0.8993,0.1575,0.2207,0.7237,0.1302,0.2969
BS80_020919a,BS80,NH,0.5517,0.7093,0.8134,0.4731,0.5982,0.431,0.5517,0.431,0.0184,0.1023,0.5802,0.8631,0.437,0.6333,0.7495,0.5483,0.0,0.0,0.0,0.0,0.0,0.0,0.3034
BS80_020919b,BS80,NH,0.4865,0.518,0.8171,0.5367,0.6479,0.3613,0.4865,0.3534,0.0232,0.1099,0.6443,0.8667,0.5128,0.6645,0.7474,0.5982,0.0,0.0,0.0,0.0,0.0,0.0,0.3272
BS80_020919c,BS80,NH,0.5015,0.5365,0.8009,0.5199,0.6305,0.3756,0.5015,0.3654,0.0215,0.1147,0.6217,0.8311,0.4966,0.6556,0.7701,0.5708,0.0,0.0,0.0,0.0,0.0,0.0,0.3193
BW36_021118a,BW36,HI,0.5544,0.6284,0.8599,0.4666,0.6049,0.4695,0.5544,0.4699,0.021,0.0636,0.7241,0.9544,0.5833,0.3224,0.7858,0.2028,0.5434,0.668,0.458,0.0,0.0,0.0,0.3975
BW36_021118b,BW36,HI,0.6552,0.6577,0.9123,0.3539,0.51,0.6031,0.6552,0.6041,0.009,0.0421,0.5261,0.9536,0.3633,0.5127,0.8765,0.3623,0.0,0.0,0.0,0.0,0.0,0.0,0.2597
BW36_021118c,BW36,HI,0.695,0.777,0.7789,0.3621,0.4944,0.6308,0.6935,0.5913,0.0454,0.0569,0.6237,0.8489,0.4929,0.1439,0.79,0.0792,0.2491,0.4454,0.1729,0.0,0.0,0.0,0.2542
CD15_020517a,CD15,HI,0.5129,0.5775,0.8225,0.5788,0.6795,0.4549,0.5129,0.3756,0.0917,0.0456,0.3834,0.8203,0.2502,0.7611,0.8196,0.7105,0.0,0.0,0.0,0.0,0.0,0.0,0.2861
CD15_020517b,CD15,HI,0.5756,0.639,0.7396,0.4412,0.5527,0.4276,0.5756,0.4131,0.0168,0.1457,0.6049,0.8232,0.4781,0.4476,0.5767,0.3658,0.0,0.0,0.0,0.0,0.0,0.0,0.2631
CD15_020517c,CD15,HI,0.734,0.7386,0.7457,0.2856,0.413,0.6513,0.734,0.6349,0.0195,0.0796,0.4038,0.7538,0.2757,0.4247,0.73,0.2995,0.0,0.0,0.0,0.0,0.0,0.0,0.2071
CI40_020407a,CI40,HI,0.5822,0.5883,0.9186,0.4248,0.5809,0.5264,0.5822,0.5367,0.0067,0.0388,0.477,0.891,0.3257,0.677,0.934,0.5308,0.0,0.0,0.0,0.0,0.0,0.0,0.2885
CI40_020407b,CI40,HI,0.5661,0.7497,0.7007,0.6879,0.6942,0.2452,0.629,0.2309,0.1107,0.2874,0.0,0.0,0.0,0.7648,0.6837,0.8678,0.0,0.0,0.0,0.0,0.0,0.0,0.1912
CI40_020407c,CI40,HI,0.5386,0.6765,0.7914,0.5918,0.6772,0.3125,0.5895,0.3149,0.081,0.1935,0.3284,0.3699,0.2952,0.7421,0.7873,0.7017,0.0,0.0,0.0,0.0,0.0,0.0,0.2676
CJ41_020621a,CJ41,HI,0.9528,0.9065,0.8843,0.0472,0.0896,0.9428,0.9528,0.9462,0.0,0.0066,0.0568,0.8498,0.0294,0.4016,0.9058,0.258,0.0,0.0,0.0,0.0,0.0,0.0,0.1146
CJ41_020621b,CJ41,HI,0.9107,0.9186,0.8833,0.0893,0.1622,0.8989,0.9107,0.8989,0.0,0.0118,0.1726,0.9782,0.0947,0.2605,0.6522,0.1627,0.0,0.0,0.0,0.0,0.0,0.0,0.1083
CJ41_020621c,CJ41,HI,0.8611,0.8669,0.8612,0.1396,0.2403,0.8362,0.8611,0.8376,0.0007,0.0227,0.077,0.7008,0.0407,0.358,0.9508,0.2205,0.2501,0.7,0.1523,0.0,0.0,0.0,0.1713
CK39_020510a,CK39,HI,0.5488,0.5879,0.7241,0.6245,0.6706,0.2588,0.5488,0.2401,0.1237,0.1849,0.3907,0.6255,0.284,0.7764,0.7408,0.8156,0.0,0.0,0.0,0.0,0.0,0.0,0.2918
CK39_020510b,CK39,HI,0.5204,0.5551,0.8137,0.5846,0.6804,0.3072,0.5204,0.3158,0.105,0.0996,0.5132,0.592,0.4529,0.7573,0.8602,0.6763,0.0,0.0,0.0,0.0,0.0,0.0,0.3176
CK39_020510c,CK39,HI,0.6583,0.7866,0.6739,0.369,0.4769,0.4746,0.6583,0.4692,0.0238,0.1652,0.3081,0.5353,0.2163,0.6398,0.7605,0.5521,0.0,0.0,0.0,0.0,0.0,0.0,0.237
CK67_020227a,CK67,HI,0.5088,0.7126,0.7828,0.5443,0.6421,0.3449,0.5088,0.3357,0.0386,0.1345,0.3239,0.6775,0.2128,0.7426,0.8409,0.6649,0.5686,0.511,0.6408,0.0,0.0,0.0,0.4088
CK67_020227b,CK67,HI,0.5276,0.6388,0.7917,0.4987,0.6119,0.3755,0.5276,0.3779,0.0257,0.1239,0.5021,0.6518,0.4083,0.6849,0.8543,0.5716,0.0,0.0,0.0,0.4009,0.6052,0.2998,0.397
CK67_020227c,CK67,HI,0.3718,0.5695,0.8772,0.7041,0.7812,0.2366,0.3718,0.2339,0.0501,0.0879,0.3469,0.5755,0.2483,0.8432,0.8947,0.7973,0.0,0.0,0.0,0.5582,0.8727,0.4103,0.4371
CW41_020701a,CW41,HI,0.5664,0.6286,0.7694,0.4883,0.5974,0.3485,0.5664,0.3399,0.0547,0.1718,0.6416,0.7195,0.5789,0.6115,0.7619,0.5107,0.0,0.0,0.0,0.3713,0.972,0.2295,0.4061
CW41_020701b,CW41,HI,0.5023,0.6008,0.8041,0.5663,0.6646,0.3218,0.5113,0.322,0.0673,0.122,0.6548,0.7371,0.589,0.7251,0.8531,0.6305,0.0,0.0,0.0,0.0,0.0,0.0,0.345
CW41_020701c,CW41,HI,0.5438,0.6298,0.8448,0.4922,0.622,0.4355,0.5438,0.4308,0.0359,0.077,0.6621,0.8416,0.5457,0.6439,0.843,0.5208,0.0,0.0,0.0,0.3623,0.9022,0.2267,0.4171
FJ11_020816a,FJ11,NH,0.6129,0.6001,0.6849,0.5273,0.5959,0.264,0.6129,0.2634,0.1394,0.2101,0.5118,0.5944,0.4493,0.7322,0.7076,0.7585,0.0,0.0,0.0,0.5078,0.7328,0.3885,0.438
FJ11_020816b,FJ11,NH,0.5658,0.6708,0.7129,0.5115,0.5956,0.3177,0.5658,0.3027,0.0727,0.1905,0.6565,0.7752,0.5693,0.5838,0.6095,0.5602,0.0,0.0,0.0,0.2503,0.4046,0.1812,0.3726
FJ11_020816c,FJ11,NH,0.6218,0.7425,0.6382,0.4453,0.5246,0.3479,0.6218,0.3464,0.0509,0.2245,0.561,0.5921,0.533,0.5943,0.6791,0.5283,0.0,0.0,0.0,0.3764,0.6079,0.2726,0.3829
FM07_020715a,FM07,NH,0.6418,0.742,0.7006,0.3974,0.5071,0.4759,0.6417,0.4762,0.0086,0.1569,0.4841,0.9048,0.3305,0.476,0.4079,0.5716,0.5757,0.7031,0.4874,0.0,0.0,0.0,0.384
FM07_020715b,FM07,NH,0.7966,0.8566,0.4499,0.4219,0.4355,0.3606,0.8595,0.3539,0.086,0.4196,0.1739,0.531,0.104,0.202,0.1539,0.2938,0.0,0.0,0.0,0.4474,0.4328,0.4631,0.2058
FM07_020715c,FM07,NH,0.6666,0.8131,0.5382,0.5439,0.541,0.3178,0.9808,0.295,0.5883,0.0975,0.5579,0.4557,0.7192,0.6204,0.5909,0.6529,0.0,0.0,0.0,0.0,0.0,0.0,0.2946
GJ44_020028a,GJ44,HI,0.3609,0.5454,0.9059,0.6591,0.763,0.308,0.3609,0.2902,0.02,0.0507,0.331,0.6901,0.2177,0.8327,0.9243,0.7577,0.0,0.0,0.0,0.0,0.0,0.0,0.2909
GJ44_020028b,GJ44,HI,0.6229,0.7521,0.8072,0.4095,0.5434,0.533,0.6229,0.5143,0.0324,0.0761,0.5402,0.8494,0.3961,0.5739,0.7781,0.4546,0.0,0.0,0.0,0.3861,0.75,0.26,0.375
GJ44_020028c,GJ44,HI,0.5297,0.5111,0.8801,0.4744,0.6165,0.464,0.5296,0.4643,0.004,0.0613,0.3845,0.8494,0.2485,0.8516,0.8951,0.8121,0.0,0.0,0.0,0.0,0.0,0.0,0.309
HE47_020618a,HE47,HI,0.9278,0.9157,0.7804,0.0723,0.1323,0.9074,0.9278,0.9074,0.0001,0.0203,0.0919,0.65,0.0494,0.2154,0.9466,0.1215,0.0,0.0,0.0,0.0,0.0,0.0,0.0768
HE47_020618b,HE47,HI,0.7665,0.7754,0.8139,0.2391,0.3696,0.7173,0.7665,0.7119,0.0056,0.0491,0.3746,0.8667,0.239,0.359,0.7189,0.2392,0.0,0.0,0.0,0.0,0.0,0.0,0.1834
HE47_020618c,HE47,HI,0.6154,0.6552,0.8575,0.3978,0.5435,0.5511,0.6154,0.545,0.0132,0.0572,0.359,0.7558,0.2354,0.4523,0.8837,0.304,0.6954,0.8705,0.5789,0.0,0.0,0.0,0.3767
IA02_020511a,IA02,NH,0.5155,0.5286,0.7676,0.6366,0.696,0.27,0.5155,0.2485,0.1521,0.1149,0.8191,0.8284,0.8101,0.0,0.0,0.0,0.4622,0.5529,0.397,0.0,0.0,0.0,0.3203
IA02_020511b,IA02,NH,0.6263,0.5933,0.7398,0.4722,0.5765,0.4067,0.6263,0.3759,0.0986,0.1519,0.6219,0.7695,0.5218,0.0,0.0,0.0,0.5522,0.6631,0.473,0.0,0.0,0.0,0.2935
IA02_020511c,IA02,NH,0.6135,0.5911,0.8641,0.4034,0.55,0.5419,0.6135,0.5369,0.017,0.0596,0.6659,0.8173,0.5619,0.0,0.0,0.0,0.5004,0.8908,0.3479,0.0,0.0,0.0,0.2916
JA39_020509a,JA39,HI,0.5025,0.5301,0.7227,0.5714,0.6382,0.2689,0.5025,0.253,0.0739,0.1756,0.6523,0.7991,0.5511,0.6326,0.6509,0.6152,0.0,0.0,0.0,0.0,0.0,0.0,0.3212
JA39_020509b,JA39,HI,0.5207,0.5644,0.7273,0.542,0.6211,0.3533,0.5207,0.3043,0.0625,0.1539,0.5382,0.7924,0.4075,0.6797,0.7212,0.6427,0.0,0.0,0.0,0.0,0.0,0.0,0.3045
JA39_020509c,JA39,HI,0.5098,0.5374,0.828,0.5162,0.6359,0.3819,0.5098,0.3794,0.026,0.1044,0.5208,0.8231,0.3809,0.7394,0.8163,0.6758,0.0,0.0,0.0,0.0,0.0,0.0,0.315
KA05_020516a,KA05,HI,0.6108,0.6172,0.7443,0.4425,0.555,0.3995,0.6108,0.3789,0.0533,0.1786,0.4161,0.9045,0.2702,0.0,0.0,0.0,0.6819,0.7071,0.6584,0.0,0.0,0.0,0.2745
KA05_020516b,KA05,HI,0.6359,0.6785,0.6673,0.4059,0.5048,0.4033,0.6359,0.4038,0.0418,0.1903,0.4507,0.5694,0.373,0.0,0.0,0.0,0.6413,0.7345,0.5691,0.3824,0.6449,0.2718,0.3686
KA05_020516c,KA05,HI,0.6907,0.6914,0.6272,0.3696,0.4651,0.4545,0.6907,0.4419,0.0603,0.1884,0.6511,0.615,0.6918,0.0,0.0,0.0,0.4837,0.6094,0.4011,0.2795,0.7087,0.1741,0.3536
KC10_020417a,KC10,NH,0.647,0.7437,0.7954,0.3753,0.51,0.5046,0.6491,0.5063,0.0113,0.1315,0.5421,0.7697,0.4184,0.0052,0.01,0.0035,0.0,0.0,0.0,0.5533,0.8173,0.4183,0.2752
KC10_020417b,KC10,NH,0.582,0.6939,0.7166,0.4475,0.5509,0.4016,0.582,0.3962,0.0272,0.1585,0.4001,0.5186,0.3257,0.3279,0.5475,0.234,0.0,0.0,0.0,0.653,0.8223,0.5415,0.3453
KC10_020417c,KC10,NH,0.638,0.6388,0.7835,0.417,0.5443,0.4987,0.638,0.4961,0.055,0.087,0.6147,0.8531,0.4805,0.5117,0.6804,0.4101,0.5396,0.8135,0.4036,0.5006,0.5623,0.4511,0.5416
KM33_020101a,KM33,HI,0.7412,0.7909,0.8274,0.2661,0.4027,0.6911,0.7412,0.6859,0.0068,0.0486,0.509,0.8421,0.3648,0.4779,0.7338,0.3543,0.3063,0.8456,0.187,0.0,0.0,0.0,0.3233
KM33_020101b,KM33,HI,0.7564,0.8152,0.7963,0.265,0.3977,0.6863,0.7376,0.6544,0.0249,0.0583,0.4806,0.7676,0.3498,0.3697,0.7913,0.2412,0.3353,0.9433,0.2039,0.0,0.0,0.0,0.2964
KM33_020101c,KM33,HI,0.6206,0.6799,0.7606,0.4141,0.5362,0.4821,0.6206,0.4749,0.0347,0.1109,0.5663,0.7242,0.4649,0.2668,0.8356,0.1587,0.5881,0.7675,0.4767,0.0,0.0,0.0,0.3553
LH56_020706a,LH56,HI,0.4764,0.6047,0.8153,0.5349,0.646,0.364,0.4764,0.3539,0.0114,0.1111,0.5156,0.6321,0.4354,0.6843,0.8665,0.5654,0.4824,0.6521,0.3828,0.0,0.0,0.0,0.4206
LH56_020706b,LH56,HI,0.6151,0.7305,0.669,0.4804,0.5592,0.3729,0.6151,0.3711,0.0399,0.2042,0.3327,0.5481,0.2388,0.6689,0.7061,0.6354,0.0,0.0,0.0,0.237,0.603,0.1475,0.3096
LH56_020706c,LH56,HI,0.5663,0.7726,0.8647,0.4509,0.5927,0.4954,0.5663,0.4909,0.0104,0.065,0.3268,0.6397,0.2194,0.6599,0.8964,0.5221,0.0,0.0,0.0,0.0,0.0,0.0,0.2467
LJ30_020702a,LJ30,HI,0.5008,0.7275,0.8752,0.537,0.6656,0.416,0.5008,0.4114,0.0314,0.058,0.6195,0.8797,0.4781,0.0,0.0,0.0,0.7928,0.867,0.7302,0.0,0.0,0.0,0.3531
LJ30_020702b,LJ30,HI,0.5493,0.5233,0.8843,0.4786,0.6211,0.4914,0.5493,0.4805,0.028,0.0409,0.5498,0.8652,0.4029,0.4107,0.9558,0.2616,0.6761,0.8893,0.5454,0.8678,0.9494,0.7991,0.6261
LJ30_020702c,LJ30,HI,0.6196,0.6726,0.6955,0.4288,0.5305,0.4095,0.6196,0.4101,0.0484,0.1611,0.6246,0.6722,0.5833,0.5069,0.7631,0.3795,0.4856,0.6815,0.3771,0.3637,0.6615,0.2508,0.4952
MA28_020600a,MA28,HI,0.3973,0.5184,0.7857,0.6648,0.7202,0.1947,0.3973,0.1944,0.0378,0.1651,0.4592,0.7588,0.3292,0.8151,0.7919,0.8398,0.0,0.0,0.0,0.0,0.0,0.0,0.3186
MA28_020600b,MA28,HI,0.4202,0.5976,0.8304,0.5903,0.6901,0.292,0.4202,0.2912,0.0105,0.1185,0.6476,0.8801,0.5123,0.7369,0.7963,0.6858,0.2659,0.6481,0.1672,0.0,0.0,0.0,0.4126
MA28_020600c,MA28,HI,0.4541,0.5797,0.9031,0.5675,0.697,0.4033,0.4541,0.3877,0.0214,0.045,0.6445,0.9424,0.4897,0.7805,0.8661,0.7103,0.2661,1.0,0.1535,0.0,0.0,0.0,0.4228
ME69_020528a,ME69,HI,0.1993,0.1885,0.9773,0.8215,0.8927,0.1975,0.1993,0.1785,0.0208,0.0,0.897,0.9852,0.8233,0.0,0.0,0.0,0.0,0.0,0.0,0.0,0.0,0.0,0.2243
ME69_020528b,ME69,HI,0.4359,0.495,0.9693,0.5873,0.7314,0.3336,0.431,0.3762,0.0183,0.0365,0.7393,0.9802,0.5935,0.73,0.942,0.5959,0.182,0.1145,0.4427,0.8732,1.0,0.7749,0.6311
ME69_020528c,ME69,HI,0.5137,0.6934,0.8091,0.5181,0.6317,0.3813,0.5137,0.3746,0.0278,0.1113,0.5773,0.7984,0.4522,0.6921,0.8107,0.6038,0.0,0.0,0.0,0.0,0.0,0.0,0.3174
MH93_020602a,MH93,HI,0.488,0.565,0.812,0.5443,0.6517,0.3463,0.488,0.3454,0.0323,0.1103,0.7344,0.8031,0.6765,0.5879,0.9419,0.4273,0.7182,0.8762,0.6085,0.3465,0.5315,0.257,0.5968
MH93_020602b,MH93,HI,0.4806,0.6845,0.7985,0.5485,0.6503,0.3141,0.4806,0.3142,0.0188,0.1476,0.513,0.6092,0.443,0.0,0.0,0.0,0.719,0.8647,0.6153,0.0907,0.2882,0.0538,0.3307
MH93_020602c,MH93,HI,0.4413,0.6189,0.9477,0.5723,0.7136,0.4084,0.4413,0.4073,0.0099,0.0241,0.7138,0.9672,0.5656,0.0,0.0,0.0,0.7449,0.9221,0.6248,0.0,0.0,0.0,0.3647
ML27_020619a,ML27,NH,0.719,0.7629,0.5838,0.3672,0.4508,0.4187,0.719,0.4117,0.0796,0.2278,0.5756,0.5034,0.6721,0.5038,0.7348,0.3834,0.2801,0.5646,0.1863,0.1784,0.3136,0.1246,0.3845
ML27_020619b,ML27,NH,0.6383,0.6075,0.8696,0.4517,0.5946,0.1997,0.6383,0.4676,0.065,0.1057,0.5269,0.8985,0.3727,0.4079,0.3963,0.4201,0.0,0.0,0.0,0.7902,0.7514,0.8333,0.4313
ML27_020619c,ML27,NH,0.5751,0.6799,0.7792,0.5047,0.6126,0.3389,0.5735,0.3296,0.0737,0.1702,0.6333,0.7833,0.5315,0.6366,0.8065,0.5259,0.1352,0.0843,0.3412,0.0,0.0,0.0,0.3513
ML77_020400a,ML77,HI,0.654,0.6593,0.8514,0.3564,0.5025,0.5858,0.654,0.5836,0.0103,0.06,0.4657,0.8238,0.3246,0.5669,0.8874,0.4165,0.0,0.0,0.0,0.0,0.0,0.0,0.2581
ML77_020400b,ML77,HI,0.6181,0.644,0.8673,0.3907,0.5387,0.5535,0.6181,0.5539,0.0089,0.0553,0.5719,0.8906,0.4212,0.4796,0.8079,0.3411,0.0,0.0,0.0,0.0,0.0,0.0,0.2629
ML77_020400c,ML77,HI,0.7137,0.7591,0.8172,0.2928,0.4311,0.6539,0.7137,0.6478,0.0066,0.0594,0.2874,0.7045,0.1805,0.4785,0.8438,0.334,0.0,0.0,0.0,0.0,0.0,0.0,0.1915
MM28_020807a,MM28,HI,0.5643,0.5318,0.9334,0.4579,0.6144,0.5283,0.5643,0.5277,0.0221,0.0144,0.5944,0.9512,0.4323,0.6803,0.8799,0.5546,0.0,0.0,0.0,0.0,0.0,0.0,0.3187
MM28_020807b,MM28,HI,0.6082,0.6117,0.9265,0.3996,0.5584,0.5762,0.6082,0.5738,0.0078,0.0266,0.5574,0.9211,0.3996,0.5621,0.928,0.4031,0.0,0.0,0.0,0.0,0.0,0.0,0.2799
MM28_020807c,MM28,HI,0.5808,0.5674,0.8072,0.4572,0.5838,0.4581,0.5802,0.457,0.0375,0.0857,0.5704,0.9637,0.4051,0.5828,0.6879,0.5056,0.6753,0.7173,0.638,0.0,0.0,0.0,0.4571
PC01_020423a,PC01,NH,0.8034,0.8263,0.7838,0.2137,0.3358,0.7438,0.8034,0.7491,0.0037,0.0506,0.3855,0.8365,0.2505,0.2501,0.679,0.1533,0.4768,0.807,0.3384,0.0,0.0,0.0,0.2781
PC01_020423b,PC01,NH,0.7167,0.8146,0.9078,0.2847,0.4335,0.6863,0.7167,0.6863,0.0014,0.0289,0.4885,0.9113,0.3337,0.379,0.9,0.24,0.3265,0.9004,0.1994,0.0,0.0,0.0,0.2985
PC01_020423c,PC01,NH,0.8071,0.7892,0.9031,0.1975,0.3241,0.7881,0.8071,0.7847,0.0046,0.0178,0.3112,0.9192,0.1873,0.3961,0.5736,0.3025,0.3378,0.9318,0.2063,0.0,0.0,0.0,0.2613
PM28_020501a,PM28,HI,0.5485,0.5568,0.8793,0.4631,0.6067,0.4817,0.5485,0.48,0.0116,0.0569,0.5718,0.9096,0.4169,0.6639,0.8483,0.5453,0.0,0.0,0.0,0.0,0.0,0.0,0.3089
PM28_020501b,PM28,HI,0.5723,0.5709,0.8317,0.4634,0.5952,0.4506,0.5723,0.4486,0.0357,0.0881,0.6641,0.8747,0.5352,0.5537,0.7696,0.4324,0.0,0.0,0.0,0.0,0.0,0.0,0.3044
PM28_020501c,PM28,HI,0.5573,0.5498,0.8783,0.4625,0.6059,0.482,0.5573,0.4815,0.0198,0.056,0.5699,0.9106,0.4148,0.6871,0.8325,0.5849,0.0,0.0,0.0,0.0,0.0,0.0,0.3143
PX78_020518a,PX78,HI,0.6002,0.6576,0.8106,0.4173,0.551,0.4941,0.6002,0.4914,0.0171,0.0917,0.5839,0.7923,0.4623,0.5274,0.9,0.373,0.4181,0.6272,0.3135,0.0,0.0,0.0,0.3823
PX78_020518b,PX78,HI,0.6569,0.6492,0.8134,0.3681,0.5068,0.5708,0.6569,0.5634,0.025,0.0685,0.5362,0.8085,0.4011,0.6057,0.9941,0.4355,0.4118,0.7533,0.2833,0.0,0.0,0.0,0.3884
PX78_020518c,PX78,HI,0.6361,0.6553,0.8482,0.3731,0.5182,0.5667,0.6361,0.5634,0.0092,0.0635,0.4415,0.8091,0.3035,0.5837,0.8695,0.4393,0.0,0.0,0.0,0.0,0.0,0.0,0.2563
RH29_020604a,RH29,NH,0.7479,0.7538,0.8337,0.2611,0.3977,0.6743,0.7479,0.6887,0.009,0.0502,0.3296,0.7998,0.2076,0.4895,0.8379,0.3458,0.3618,1.0,0.2209,0.0,0.0,0.0,0.2952
RH29_020604b,RH29,NH,0.7028,0.732,0.79,0.3083,0.4435,0.6177,0.7028,0.6158,0.0111,0.0759,0.4628,0.8732,0.3148,0.3365,0.5684,0.239,0.4651,0.5889,0.3843,0.0,0.0,0.0,0.3161
RH29_020604c,RH29,NH,0.715,0.6745,0.8819,0.2906,0.4372,0.6745,0.715,0.674,0.0055,0.0355,0.4105,0.8876,0.267,0.4646,0.8614,0.3181,0.5879,0.932,0.4294,0.0,0.0,0.0,0.3658
RJ22_020612a,RJ22,HI,0.5627,0.7165,0.87,0.4578,0.5999,0.4898,0.5627,0.4914,0.0083,0.063,0.4663,0.8188,0.3259,0.0,0.0,0.0,0.7062,0.8892,0.5857,0.0,0.0,0.0,0.2931
RJ22_020612b,RJ22,HI,0.5074,0.7024,0.8799,0.5202,0.6538,0.417,0.5074,0.4131,0.027,0.0674,0.518,0.8075,0.3813,0.0,0.0,0.0,0.7183,0.891,0.6017,0.0,0.0,0.0,0.3091
RJ22_020612c,RJ22,HI,0.5982,0.6905,0.7058,0.447,0.5474,0.4063,0.5976,0.4027,0.0287,0.1662,0.4893,0.6337,0.3985,0.0,0.0,0.0,0.6235,0.7377,0.5399,0.2812,0.7912,0.171,0.3485
RK22_020527a,RK22,HI,0.5349,0.5925,0.7526,0.4801,0.5862,0.3558,0.5349,0.3501,0.015,0.1698,0.6246,0.7045,0.561,0.534,0.8276,0.3942,0.0,0.0,0.0,0.0,0.0,0.0,0.2897
RK22_020527c,RK22,HI,0.661,0.6954,0.7071,0.3455,0.4642,0.4946,0.661,0.507,0.0065,0.1475,0.4437,0.7807,0.3099,0.5,0.6251,0.4167,0.0,0.0,0.0,0.0,0.0,0.0,0.2359
SA73_020012a,SA73,HI,0.5363,0.6899,0.6143,0.6319,0.623,0.1648,0.5363,0.1663,0.0511,0.3189,0.6467,0.7801,0.5523,0.6492,0.5212,0.8606,0.4763,0.5937,0.3976,0.0549,0.3798,0.0296,0.4568
SA73_020012b,SA73,HI,0.5811,0.5894,0.7136,0.5559,0.625,0.2591,0.5811,0.2494,0.137,0.1947,0.7542,0.6721,0.8591,0.6366,0.8752,0.5002,0.4394,0.446,0.433,0.0,0.0,0.0,0.4576
SA73_020012c,SA73,HI,0.6624,0.6883,0.6986,0.4976,0.5812,0.215,0.6624,0.1973,0.1528,0.3123,0.577,0.5677,0.5867,0.6869,0.9088,0.5521,0.0,0.0,0.0,0.7084,0.8002,0.6356,0.4931
SC36_020806a,SC36,HI,0.667,0.7181,0.7126,0.3998,0.5122,0.4346,0.667,0.4418,0.061,0.1642,0.4992,0.6108,0.4221,0.5951,0.8264,0.4649,0.0,0.0,0.0,0.2632,0.3361,0.2163,0.3394
SC36_020806b,SC36,HI,0.7458,0.7168,0.6299,0.4136,0.4993,0.361,0.7288,0.4077,0.0776,0.2434,0.5203,0.4609,0.5972,0.4,0.8161,0.2649,0.0,0.0,0.0,0.0,0.0,0.0,0.2301
SC36_020806c,SC36,HI,0.6074,0.7709,0.704,0.4197,0.5259,0.4273,0.6074,0.4163,0.023,0.1681,0.5826,0.6528,0.5261,0.4322,0.8113,0.2945,0.0,0.0,0.0,0.0,0.0,0.0,0.2537
SC42_020909a,SC42,HI,0.5708,0.6238,0.7831,0.4724,0.5893,0.4404,0.5708,0.4388,0.0179,0.1141,0.2944,0.8938,0.1762,0.7365,0.7564,0.7176,0.0,0.0,0.0,0.0,0.0,0.0,0.2577
SC42_020909b,SC42,HI,0.536,0.6457,0.7,0.5582,0.6211,0.2764,0.536,0.2686,0.0747,0.1926,0.1645,0.4407,0.1011,0.6668,0.7474,0.602,0.0,0.0,0.0,0.6635,0.6583,0.6688,0.3737
SC42_020909c,SC42,HI,0.5669,0.7156,0.846,0.4425,0.5811,0.4815,0.5669,0.4809,0.0067,0.0794,0.3402,0.7684,0.2184,0.7105,0.8621,0.6043,0.0,0.0,0.0,0.5622,1.0,0.391,0.4032
SL49_020000a,SL49,NH,0.6553,0.6621,0.7319,0.4227,0.5359,0.5393,0.6553,0.4834,0.078,0.0939,0.5621,0.6886,0.4749,0.5417,0.7882,0.4126,0.0,0.0,0.0,0.4284,0.5327,0.3583,0.3831
SL49_020000b,SL49,NH,0.5684,0.5897,0.8403,0.4434,0.5805,0.4767,0.5683,0.4764,0.0117,0.0803,0.5506,0.8362,0.4105,0.5894,0.9575,0.4258,0.6482,0.7198,0.5897,0.5358,0.7058,0.4318,0.581
SL49_020000c,SL49,NH,0.662,0.747,0.8597,0.3609,0.5084,0.5893,0.662,0.5881,0.0186,0.0553,0.5303,0.8504,0.3853,0.1831,0.771,0.1039,0.6058,0.8616,0.4672,0.2287,0.7981,0.1335,0.387
SL59_020013a,SL59,HI,0.6531,0.7072,0.7108,0.4367,0.541,0.4354,0.6545,0.4507,0.0508,0.1531,0.4853,0.6138,0.4013,0.0,0.0,0.0,0.7062,0.752,0.6657,0.0943,0.9949,0.0495,0.3215
SL59_020013b,SL59,HI,0.5377,0.6163,0.76,0.4941,0.5989,0.3724,0.5376,0.3649,0.0312,0.1415,0.4406,0.7652,0.3094,0.0,0.0,0.0,0.7053,0.7529,0.6634,0.5061,0.8222,0.3655,0.413
SL59_020013c,SL59,HI,0.5555,0.5798,0.7994,0.4701,0.592,0.4311,0.5555,0.4253,0.0256,0.1046,0.4672,0.8377,0.3239,0.5432,0.7814,0.4163,0.7611,0.774,0.7487,0.0,0.0,0.0,0.4429
SM42_020215a,SM42,NH,0.5171,0.63,0.7281,0.6179,0.6685,0.2309,0.5171,0.218,0.0927,0.2064,0.4021,0.3491,0.474,0.0,0.0,0.0,0.8185,0.8132,0.8238,0.3135,0.6849,0.2033,0.3835
SM42_020215b,SM42,NH,0.6614,0.7413,0.5806,0.5532,0.5666,0.268,0.6614,0.2518,0.1119,0.2977,0.3504,0.3606,0.3407,0.6857,0.632,0.7492,0.0,0.0,0.0,0.1339,0.4775,0.0778,0.2925
SM42_020215c,SM42,NH,0.6036,0.7522,0.6128,0.5544,0.5821,0.2793,0.6036,0.276,0.0523,0.2753,0.2919,0.425,0.2223,0.6935,0.6641,0.7257,0.0,0.0,0.0,0.127,0.4407,0.0742,0.2781
TM19_020526a,TM19,HI,0.5793,0.6183,0.8313,0.4424,0.5775,0.4803,0.5793,0.4751,0.0216,0.0825,0.5017,0.8852,0.35,0.6529,0.7833,0.5598,0.5367,0.8874,0.3847,0.0,0.0,0.0,0.4228
TM19_020526b,TM19,HI,0.6626,0.6281,0.7361,0.4024,0.5203,0.552,0.6626,0.503,0.065,0.0946,0.493,0.8507,0.347,0.5754,0.6405,0.5224,0.5626,0.5668,0.5585,0.0,0.0,0.0,0.4078
TM19_020526c,TM19,HI,0.5591,0.6889,0.8404,0.4983,0.6256,0.4119,0.559,0.4241,0.043,0.092,0.5553,0.6522,0.4836,0.525,0.4577,0.6156,0.0609,0.1026,0.0433,0.6788,0.9296,0.5345,0.455
TP18_020615a,TP18,NH,0.8656,0.6506,0.6725,0.2396,0.3533,0.8542,0.8656,0.749,0.1052,0.0115,0.5436,0.5413,0.546,0.3207,0.6592,0.2119,0.0,0.0,0.0,0.6522,1.0,0.4839,0.3791
TP18_020615b,TP18,NH,0.6136,0.7605,0.7132,0.4187,0.5276,0.4498,0.6048,0.4339,0.0125,0.1583,0.3262,0.5545,0.2311,0.6128,0.7636,0.5117,0.0,0.0,0.0,0.3498,0.5909,0.2485,0.3222
TP18_020615c,TP18,NH,0.716,0.7394,0.6889,0.2945,0.4126,0.5848,0.716,0.5828,0.0105,0.1227,0.429,0.6357,0.3237,0.4211,0.6949,0.3021,0.0,0.0,0.0,0.3903,0.7578,0.2629,0.3101
VA66_020527a,VA66,HI,0.4686,0.6617,0.7807,0.6181,0.6899,0.2746,0.4686,0.2746,0.0365,0.1575,0.3091,0.6033,0.2078,0.7571,0.8092,0.7113,0.0,0.0,0.0,0.3913,0.5214,0.3132,0.3644
VA66_020527b,VA66,HI,0.5234,0.6329,0.7361,0.4971,0.5934,0.3311,0.5234,0.3311,0.0206,0.1717,0.4942,0.5922,0.4241,0.6988,0.7741,0.6369,0.0,0.0,0.0,0.4055,0.9309,0.2592,0.3996
VA66_020527c,VA66,HI,0.6949,0.7629,0.7811,0.3132,0.4471,0.5987,0.6949,0.5979,0.0081,0.089,0.2672,0.7232,0.1639,0.5432,0.788,0.4145,0.0,0.0,0.0,0.3334,0.7811,0.2119,0.2859
WA04_020716a,WA04,HI,0.5484,0.5819,0.8708,0.4546,0.5974,0.4808,0.5484,0.4808,0.003,0.0646,0.6122,0.8826,0.4686,0.0,0.0,0.0,0.5667,0.8452,0.4262,0.0,0.0,0.0,0.2947
WA04_020716b,WA04,HI,0.5838,0.7232,0.857,0.4255,0.5687,0.4999,0.5838,0.5071,0.009,0.0677,0.7046,0.8216,0.6168,0.0,0.0,0.0,0.4526,0.9076,0.3014,0.0,0.0,0.0,0.2893
WA04_020716c,WA04,HI,0.5881,0.7711,0.7871,0.4367,0.5617,0.4563,0.5793,0.4431,0.0253,0.1109,0.4332,0.6916,0.3153,0.6624,0.8134,0.5586,0.2638,0.7363,0.1607,0.0,0.0,0.0,0.3398
WA50_020818a,WA50,HI,0.585,0.793,0.8005,0.4463,0.5731,0.4849,0.5828,0.4748,0.0148,0.0932,0.5967,0.8339,0.4646,0.0,0.0,0.0,0.5754,0.7553,0.4647,0.0,0.0,0.0,0.293
WA50_020818b,WA50,HI,0.5376,0.587,0.8684,0.4735,0.6128,0.4644,0.5376,0.4603,0.0111,0.0662,0.6414,0.9044,0.4969,0.5315,0.7444,0.4133,0.0,0.0,0.0,0.0,0.0,0.0,0.2932
WA50_020818c,WA50,HI,0.6879,0.7592,0.7077,0.3424,0.4615,0.5448,0.6867,0.5349,0.0291,0.1227,0.3739,0.7132,0.2533,0.4103,0.8109,0.2746,0.5703,0.6877,0.4872,0.1744,1.0,0.0955,0.3822
WE17_020711a,WE17,HI,0.6032,0.6049,0.9621,0.4002,0.5653,0.5803,0.6032,0.5859,0.0033,0.014,0.564,0.9925,0.3939,0.0,0.0,0.0,0.5706,0.9131,0.4149,0.0,0.0,0.0,0.2836
WE17_020711b,WE17,HI,0.4574,0.4909,0.9549,0.5512,0.6989,0.426,0.4574,0.426,0.0086,0.0228,0.7138,0.9793,0.5615,0.0,0.0,0.0,0.6397,0.8324,0.5194,0.0,0.0,0.0,0.3384
WE17_020711c,WE17,HI,0.6819,0.8029,0.7263,0.3516,0.4738,0.5353,0.6819,0.5353,0.0257,0.1209,0.339,0.5205,0.2514,0.5613,0.826,0.4251,0.3364,0.9126,0.2062,0.0,0.0,0.0,0.3092
WG24_021112a,WG24,NH,0.4266,0.4489,0.8343,0.6189,0.7106,0.2899,0.4266,0.285,0.0455,0.0961,0.6759,0.8375,0.5666,0.757,0.8257,0.6988,0.0,0.0,0.0,0.0,0.0,0.0,0.3582
WG24_021112b,WG24,NH,0.5178,0.6987,0.7573,0.5424,0.6321,0.3122,0.5178,0.3083,0.0594,0.1502,0.6601,0.7883,0.5677,0.5908,0.6498,0.5416,0.0,0.0,0.0,0.0,0.0,0.0,0.3127
WG24_021112c,WG24,NH,0.5615,0.6054,0.7659,0.4548,0.5707,0.4152,0.5615,0.4152,0.0162,0.1301,0.6121,0.7187,0.5331,0.5414,0.8072,0.4073,0.5574,0.8062,0.4259,0.0,0.0,0.0,0.4277
WH09_020515a,WH09,HI,0.5501,0.5467,0.7453,0.4714,0.5775,0.385,0.5676,0.3867,0.0281,0.1528,0.5673,0.6864,0.4833,0.5591,0.7698,0.4389,0.0,0.0,0.0,0.0,0.0,0.0,0.2816
WH09_020515b,WH09,HI,0.6406,0.641,0.6204,0.4633,0.5305,0.3537,0.6406,0.3142,0.1039,0.2225,0.4333,0.5999,0.3391,0.6088,0.6352,0.5846,0.0,0.0,0.0,0.5789,0.61,0.5509,0.4052
WH09_020515c,WH09,HI,0.6457,0.7124,0.684,0.3912,0.4977,0.4476,0.6457,0.4476,0.0369,0.1612,0.4417,0.5546,0.367,0.6062,0.7701,0.4998,0.0,0.0,0.0,0.2755,0.6711,0.1734,0.3308
WM15_020618a,WM15,NH,0.523,0.5537,0.85,0.4934,0.6244,0.4307,0.523,0.4307,0.0164,0.0759,0.647,0.8711,0.5146,0.5907,0.8077,0.4657,0.0,0.0,0.0,0.0,0.0,0.0,0.3094
WM15_020618b,WM15,NH,0.5179,0.5315,0.8659,0.4989,0.6331,0.4322,0.5179,0.4294,0.0168,0.0716,0.6113,0.9272,0.456,0.0,0.0,0.0,0.6691,0.7904,0.58,0.0,0.0,0.0,0.3201
WM15_020618c,WM15,NH,0.6204,0.636,0.8074,0.4144,0.5477,0.5074,0.5028,0.3394,0.0582,0.1052,0.619,0.7557,0.5242,0.0,0.0,0.0,0.7232,0.8402,0.6348,0.0,0.0,0.0,0.3356
