cha_code,gender,role,hearing_statuses,child_ids,vtc_label,files
AUN,female,AUN,,RH29,FEM,RH29_020604c.cha
BAB,,Sibling,,CJ41,OCH,CJ41_020621a.cha|CJ41_020621b.cha
BRO,,Brother,,CI40,OCH,CI40_020407b.cha|CI40_020407c.cha
CHI,female,Target_Child,HI|NH,BN31|CJ41|CK39|CK67|GJ44|IA02|JA39|KA05|KM33|LH56|LJ30|MA28|ME69|ML77|MM28|NF30|PC01|PM28|RH29|SC42|SL49|TM19|VA66|WA50|WE17|WG24|WH09|WM15,KCHI,BN31_020108a.cha|BN31_020108b.cha|BN31_020108c.cha|CJ41_020621a.cha|CJ41_020621b.cha|CJ41_020621c.cha|CK39_020510a.cha|CK39_020510b.cha|CK39_020510c.cha|CK67_020227a.cha|CK67_020227b.cha|CK67_020227c.cha|GJ44_020028a.cha|GJ44_020028b.cha|GJ44_020028c.cha|IA02_020511a.cha|IA02_020511b.cha|IA02_020511c.cha|JA39_020509a.cha|JA39_020509b.cha|JA39_020509c.cha|KA05_020516a.cha|KA05_020516b.cha|KA05_020516c.cha|KM33_020101a.cha|KM33_020101b.cha|KM33_020101c.cha|LH56_020706a.cha|LH56_020706b.cha|LH56_020706c.cha|LJ30_020702a.cha|LJ30_020702b.cha|LJ30_020702c.cha|MA28_020600a.cha|MA28_020600b.cha|MA28_020600c.cha|ME69_020528a.cha|ME69_020528b.cha|ME69_020528c.cha|ML77_020400a.cha|ML77_020400b.cha|ML77_020400c.cha|MM28_020807a.cha|MM28_020807b.cha|MM28_020807c.cha|NF30_020511a.cha|NF30_020511b.cha|NF30_020511c.cha|PC01_020423a.cha|PC01_020423b.cha|PC01_020423c.cha|PM28_020501a.cha|PM28_020501b.cha|PM28_020501c.cha|RH29_020604a.cha|RH29_020604b.cha|RH29_020604c.cha|SC42_020909a.cha|SC42_020909b.cha|SC42_020909c.cha|SL49_020000a.cha|SL49_020000b.cha|SL49_020000c.cha|TM19_020526a.cha|TM19_020526b.cha|TM19_020526c.cha|VA66_020527a.cha|VA66_020527b.cha|VA66_020527c.cha|WA50_020818a.cha|WA50_020818b.cha|WA50_020818c.cha|WE17_020711a.cha|WE17_020711b.cha|WE17_020711c.cha|WG24_021112a.cha|WG24_021112b.cha|WG24_021112c.cha|WH09_020515a.cha|WH09_020515b.cha|WH09_020515c.cha|WM15_020618a.cha|WM15_020618b.cha|WM15_020618c.cha
CHI,male,Target_Child,HI|NH,AR31|BE05|BS80|BW36|CD15|CD37|CI40|CW41|DI46|FJ11|FM07|HE47|HW14|KC10|MH93|ML27|PX78|RJ22|RK22|SA73|SC36|SL59|SM42|TP18|WA04,KCHI,AR31_021108a.cha|AR31_021108b.cha|AR31_021108c.cha|BE05_021023a.cha|BE05_021023b.cha|BE05_021023c.cha|BS80_020919a.cha|BS80_020919b.cha|BS80_020919c.cha|BW36_021118a.cha|BW36_021118b.cha|BW36_021118c.cha|CD15_020517a.cha|CD15_020517b.cha|CD15_020517c.cha|CD37_020115a.cha|CD37_020115b.cha|CD37_020115c.cha|CI40_020407a.cha|CI40_020407b.cha|CI40_020407c.cha|CW41_020701a.cha|CW41_020701b.cha|CW41_020701c.cha|DI46_020726a.cha|DI46_020726b.cha|DI46_020726c.cha|FJ11_020816a.cha|FJ11_020816b.cha|FJ11_020816c.cha|FM07_020715a.cha|FM07_020715b.cha|FM07_020715c.cha|HE47_020618a.cha|HE47_020618b.cha|HE47_020618c.cha|HW14_020428a.cha|HW14_020428b.cha|HW14_020428c.cha|KC10_020417a.cha|KC10_020417b.cha|KC10_020417c.cha|MH93_020602a.cha|MH93_020602b.cha|MH93_020602c.cha|ML27_020619a.cha|ML27_020619b.cha|ML27_020619c.cha|PX78_020518a.cha|PX78_020518b.cha|PX78_020518c.cha|RJ22_020612a.cha|RJ22_020612b.cha|RJ22_020612c.cha|RK22_020527a.cha|RK22_020527b.cha|RK22_020527c.cha|SA73_020012a.cha|SA73_020012b.cha|SA73_020012c.cha|SC36_020806a.cha|SC36_020806b.cha|SC36_020806c.cha|SL59_020013a.cha|SL59_020013b.cha|SL59_020013c.cha|SM42_020215a.cha|SM42_020215b.cha|SM42_020215c.cha|TP18_020615a.cha|TP18_020615b.cha|TP18_020615c.cha|WA04_020716a.cha|WA04_020716b.cha|WA04_020716c.cha
ELE,,Adult,,FM07|KM33,MED,FM07_020715c.cha|KM33_020101b.cha
ELE,,Uncertain,,WH09|WM15,MED,WH09_020515a.cha|WM15_020618c.cha
ELE,,Unidentified,,TP18,MED,TP18_020615b.cha
FAT,male,Father,,BN31|BW36|CD37|CJ41|CK67|DI46|FM07|GJ44|HE47|HW14|IA02|KA05|KC10|KM33|LJ30|MA28|ME69|MH93|ML27|MM28|NF30|PC01|PX78|RH29|RJ22|SA73|SC42|SL49|SL59|SM42|TM19|WA04|WA50|WE17|WG24|WM15,MAL,BN31_020108c.cha|BW36_021118a.cha|BW36_021118c.cha|CD37_020115a.cha|CD37_020115c.cha|CJ41_020621c.cha|CK67_020227a.cha|DI46_020726a.cha|DI46_020726b.cha|DI46_020726c.cha|FM07_020715a.cha|FM07_020715c.cha|GJ44_020028b.cha|HE47_020618c.cha|HW14_020428a.cha|IA02_020511a.cha|IA02_020511b.cha|IA02_020511c.cha|KA05_020516a.cha|KA05_020516b.cha|KA05_020516c.cha|KC10_020417c.cha|KM33_020101a.cha|KM33_020101b.cha|KM33_020101c.cha|LJ30_020702a.cha|LJ30_020702b.cha|LJ30_020702c.cha|MA28_020600b.cha|MA28_020600c.cha|ME69_020528b.cha|MH93_020602a.cha|MH93_020602c.cha|ML27_020619a.cha|MM28_020807c.cha|NF30_020511a.cha|NF30_020511b.cha|NF30_020511c.cha|PC01_020423a.cha|PC01_020423b.cha|PC01_020423c.cha|PX78_020518a.cha|PX78_020518b.cha|RH29_020604a.cha|RH29_020604b.cha|RH29_020604c.cha|RJ22_020612a.cha|RJ22_020612b.cha|RJ22_020612c.cha|SA73_020012c.cha|SC42_020909c.cha|SL49_020000b.cha|SL49_020000c.cha|SL59_020013a.cha|SL59_020013b.cha|SL59_020013c.cha|SM42_020215a.cha|TM19_020526a.cha|TM19_020526b.cha|TM19_020526c.cha|WA04_020716a.cha|WA04_020716b.cha|WA04_020716c.cha|WA50_020818a.cha|WA50_020818c.cha|WE17_020711a.cha|WE17_020711b.cha|WE17_020711c.cha|WG24_021112b.cha|WG24_021112c.cha|WM15_020618b.cha|WM15_020618c.cha
GMA,,Grandmother,,CD15|CW41|LH56|ML27|RK22,FEM,CD15_020517c.cha|CW41_020701b.cha|CW41_020701c.cha|LH56_020706a.cha|LH56_020706b.cha|ML27_020619a.cha|RK22_020527c.cha
GPA,,Grandfather,,LH56,MAL,LH56_020706a.cha
GRA,,Grandmother,,CJ41|HW14|RK22|SA73,FEM,CJ41_020621c.cha|HW14_020428a.cha|HW14_020428b.cha|RK22_020527a.cha|RK22_020527b.cha|SA73_020012c.cha
KID,,Child,,FM07,OCH,FM07_020715a.cha
MAN,,Adult,,TM19,MAL,TM19_020526b.cha
MOT,female,Adult,,CW41|ML27,FEM,CW41_020701b.cha|CW41_020701c.cha|ML27_020619c.cha
MOT,female,Mother,,AR31|BE05|BN31|BS80|BW36|CD15|CD37|CI40|CJ41|CK39|CK67|CW41|FJ11|FM07|GJ44|HE47|HW14|JA39|KC10|KM33|LH56|LJ30|MA28|ME69|MH93|ML27|ML77|MM28|NF30|PC01|PM28|PX78|RH29|RK22|SA73|SC36|SC42|SL49|SL59|SM42|TM19|TP18|VA66|WA04|WA50|WE17|WG24|WH09|WM15,FEM,AR31_021108a.cha|AR31_021108b.cha|AR31_021108c.cha|BE05_021023a.cha|BE05_021023b.cha|BN31_020108a.cha|BN31_020108b.cha|BN31_020108c.cha|BS80_020919a.cha|BS80_020919b.cha|BS80_020919c.cha|BW36_021118a.cha|BW36_021118b.cha|BW36_021118c.cha|CD15_020517a.cha|CD15_020517b.cha|CD15_020517c.cha|CD37_020115a.cha|CD37_020115b.cha|CD37_020115c.cha|CI40_020407a.cha|CI40_020407b.cha|CI40_020407c.cha|CJ41_020621a.cha|CJ41_020621b.cha|CJ41_020621c.cha|CK39_020510a.cha|CK39_020510c.cha|CK67_020227a.cha|CK67_020227b.cha|CK67_020227c.cha|CW41_020701a.cha|FJ11_020816a.cha|FJ11_020816b.cha|FJ11_020816c.cha|FM07_020715a.cha|FM07_020715b.cha|FM07_020715c.cha|GJ44_020028a.cha|GJ44_020028b.cha|GJ44_020028c.cha|HE47_020618a.cha|HE47_020618b.cha|HE47_020618c.cha|HW14_020428c.cha|JA39_020509a.cha|JA39_020509b.cha|JA39_020509c.cha|KC10_020417a.cha|KC10_020417b.cha|KC10_020417c.cha|KM33_020101a.cha|KM33_020101b.cha|KM33_020101c.cha|LH56_020706a.cha|LH56_020706b.cha|LH56_020706c.cha|LJ30_020702a.cha|LJ30_020702b.cha|LJ30_020702c.cha|MA28_020600a.cha|MA28_020600b.cha|MA28_020600c.cha|ME69_020528b.cha|ME69_020528c.cha|MH93_020602a.cha|ML27_020619a.cha|ML27_020619b.cha|ML77_020400a.cha|ML77_020400b.cha|ML77_020400c.cha|MM28_020807a.cha|MM28_020807b.cha|MM28_020807c.cha|NF30_020511b.cha|NF30_020511c.cha|PC01_020423a.cha|PC01_020423b.cha|PC01_020423c.cha|PM28_020501a.cha|PM28_020501b.cha|PM28_020501c.cha|PX78_020518a.cha|PX78_020518b.cha|PX78_020518c.cha|RH29_020604a.cha|RH29_020604b.cha|RH29_020604c.cha|RK22_020527b.cha|RK22_020527c.cha|SA73_020012a.cha|SA73_020012b.cha|SA73_020012c.cha|SC36_020806a.cha|SC42_020909a.cha|SC42_020909b.cha|SC42_020909c.cha|SL49_020000a.cha|SL49_020000b.cha|SL49_020000c.cha|SL59_020013c.cha|SM42_020215b.cha|SM42_020215c.cha|TM19_020526a.cha|TM19_020526b.cha|TM19_020526c.cha|TP18_020615a.cha|TP18_020615b.cha|TP18_020615c.cha|VA66_020527a.cha|VA66_020527b.cha|VA66_020527c.cha|WA04_020716b.cha|WA04_020716c.cha|WA50_020818a.cha|WA50_020818b.cha|WA50_020818c.cha|WE17_020711c.cha|WG24_021112a.cha|WG24_021112b.cha|WG24_021112c.cha|WH09_020515a.cha|WH09_020515b.cha|WH09_020515c.cha|WM15_020618a.cha
PAR,,Adult,,CW41|PM28|RH29,FEM,CW41_020701b.cha|PM28_020501b.cha|RH29_020604a.cha
PAR,,Adult,,CK39|SM42,OCH,CK39_020510c.cha|SM42_020215a.cha
PAR,,Adult,,FM07|KA05|MH93,MAL,FM07_020715a.cha|KA05_020516a.cha|MH93_020602b.cha
PAR,,Participant,,SM42,OCH,SM42_020215a.cha
PAR1,,Adult,,CI40|ML27|SA73|SC36,FEM,CI40_020407b.cha|ML27_020619c.cha|SA73_020012a.cha|SC36_020806a.cha
PAR1,,Participant,,SA73|SC36,FEM,SA73_020012b.cha|SC36_020806b.cha|SC36_020806c.cha
PAR2,,Adult,,ML27|SA73,MAL,ML27_020619c.cha|SA73_020012a.cha
PAR2,,Child,,SC36,OCH,SC36_020806a.cha
PAR2,,Participant,,CW41|SC36|SC36,FEM,CW41_020701b.cha|SC36_020806b.cha|SC36_020806c.cha
PAR2,,Participant,,SA73,MAL,SA73_020012b.cha
PAR3,,Adult,,SC36,FEM,SC36_020806a.cha
PAR3,,Child,,SC36,OCH,SC36_020806c.cha
PAR3,,Participant,,SC36,FEM,SC36_020806b.cha
PAR4,,Adult,,SC36,FEM,SC36_020806a.cha
SI1,,Sibling,,VA66,OCH,VA66_020527c.cha
SI2,,Sibling,,KC10|LH56|LJ30|VA66,OCH,KC10_020417a.cha|KC10_020417b.cha|LH56_020706b.cha|LJ30_020702c.cha|VA66_020527a.cha|VA66_020527b.cha|VA66_020527c.cha
SI3,,Sibling,,VA66,OCH,VA66_020527b.cha|VA66_020527c.cha
SIB,,Child,,CW41|HW14|KC10|ME69|MH93|PC01|SL49,OCH,CW41_020701b.cha|CW41_020701c.cha|HW14_020428a.cha|KC10_020417c.cha|ME69_020528b.cha|MH93_020602a.cha|PC01_020423b.cha|SL49_020000b.cha
SIB,,Sibling,,BE05|BN31|BS80|CD37|CK67|CW41|FJ11|FM07|GJ44|HW14|KC10|KM33|LH56|LJ30|ME69|MH93|ML27|NF30|PC01|RJ22|SA73|SC42|SL49|SL59|SM42|TM19|TP18|VA66|WA50|WE17|WH09,OCH,BE05_021023a.cha|BE05_021023b.cha|BE05_021023c.cha|BN31_020108c.cha|BS80_020919a.cha|CD37_020115a.cha|CK67_020227a.cha|CK67_020227b.cha|CK67_020227c.cha|CW41_020701a.cha|FJ11_020816a.cha|FJ11_020816b.cha|FJ11_020816c.cha|FM07_020715b.cha|FM07_020715c.cha|GJ44_020028b.cha|HW14_020428b.cha|HW14_020428c.cha|KC10_020417a.cha|KC10_020417b.cha|KM33_020101a.cha|LH56_020706b.cha|LH56_020706c.cha|LJ30_020702a.cha|LJ30_020702b.cha|LJ30_020702c.cha|ME69_020528c.cha|MH93_020602b.cha|MH93_020602c.cha|ML27_020619a.cha|ML27_020619b.cha|NF30_020511a.cha|NF30_020511c.cha|PC01_020423a.cha|RJ22_020612a.cha|RJ22_020612b.cha|RJ22_020612c.cha|SA73_020012a.cha|SA73_020012c.cha|SC42_020909b.cha|SC42_020909c.cha|SL49_020000a.cha|SL49_020000c.cha|SL59_020013a.cha|SL59_020013b.cha|SM42_020215a.cha|SM42_020215b.cha|SM42_020215c.cha|TM19_020526c.cha|TP18_020615b.cha|TP18_020615c.cha|VA66_020527a.cha|WA50_020818a.cha|WA50_020818c.cha|WE17_020711c.cha|WH09_020515b.cha|WH09_020515c.cha
SP01,,Adult,,CK39,FEM,CK39_020510b.cha
SP01,,Sibling,,TP18,OCH,TP18_020615a.cha
SPO1,female,SPO1,,CW41,FEM,CW41_020701a.cha
TEA,,Adult,,CK39,FEM,CK39_020510b.cha
TEL,,Media,,WA04,MED,WA04_020716c.cha
TOY,,Media,,BN31,MED,BN31_020108c.cha
UN1,,Adult,,IA02,MAL,IA02_020511b.cha|IA02_020511c.cha
UN1,,Child,,KA05,OCH,KA05_020516b.cha|KA05_020516c.cha
UN2,,Child,,KA05,OCH,KA05_020516b.cha|KA05_020516c.cha
UN3,,Adult,,KA05,MAL,KA05_020516b.cha
UN3,,Child,,KA05,OCH,KA05_020516c.cha
UN4,,Child,,KA05,OCH,KA05_020516b.cha
UNK,,Unidentified,,BE05|BN31,OCH,BE05_021023b.cha|BN31_020108a.cha
UNK,male,UNK,,FJ11|FM07|ML27|WA04,MAL,FJ11_020816c.cha|FM07_020715b.cha|ML27_020619a.cha|WA04_020716c.cha
WOM,female,WOM,,CD37,FEM,CD37_020115b.cha